,user_id,grade_id,sex,height,weight,bmi,usa_routes
0,69.0,62.0,0,183,73,21.798202394816204,5.13b
1,134.0,70.0,0,71,68,134.89387026383653,5.14b
2,160.0,55.0,0,190,83,22.991689750692522,5.12c
3,215.0,68.0,0,174,73,24.111507464658473,5.14a
4,312.0,59.0,0,180,73,22.530864197530864,5.13a
5,351.0,70.0,0,4,73,45625.0,5.14b
6,379.0,70.0,0,6,73,20277.777777777777,5.14b
7,392.0,59.0,0,135,68,37.311385459533604,5.13a
8,417.0,68.0,0,6,68,18888.88888888889,5.14a
9,439.0,62.0,0,181,78,23.808797045267237,5.13b
10,446.0,66.0,0,185,78,22.79035792549306,5.13d
11,452.0,77.0,0,178,68,21.461936624163616,5.15a
12,667.0,51.0,0,168,53,18.77834467120182,5.12a
13,823.0,68.0,0,178,73,23.04002019946976,5.14a
14,899.0,57.0,0,185,78,22.79035792549306,5.12d
15,1042.0,46.0,0,198,88,22.44668911335578,5.11b
16,1146.0,57.0,0,175,68,22.20408163265306,5.12d
17,1195.0,55.0,0,150,63,28.0,5.12c
18,1323.0,53.0,0,175,73,23.836734693877553,5.12b
19,1356.0,68.0,0,255,78,11.995386389850058,5.14a
20,1387.0,46.0,0,188,88,24.898143956541425,5.11b
21,1522.0,68.0,0,158,93,37.25364524915878,5.14a
22,1549.0,66.0,0,185,68,19.86851716581446,5.13d
23,1585.0,62.0,0,177,73,23.301094832264035,5.13b
24,1777.0,70.0,0,180,73,22.530864197530864,5.14b
25,1781.0,62.0,0,73,78,146.3689247513605,5.13b
26,1790.0,51.0,0,170,73,25.25951557093426,5.12a
27,1838.0,51.0,0,68,63,136.2456747404844,5.12a
28,1844.0,64.0,0,178,68,21.461936624163616,5.13c
29,2034.0,68.0,0,172,78,26.365603028664147,5.14a
30,2056.0,55.0,0,70,63,128.57142857142858,5.12c
31,2298.0,49.0,0,72,78,150.46296296296296,5.11d
32,2323.0,64.0,0,183,78,23.291229956104985,5.13c
33,2505.0,44.0,0,176,78,25.180785123966942,5.11a
34,2510.0,70.0,0,155,68,28.303850156087407,5.14b
35,2582.0,66.0,0,66,68,156.10651974288336,5.13d
36,2593.0,57.0,0,192,83,22.51519097222222,5.12d
37,2602.0,57.0,0,70,73,148.97959183673473,5.12d
38,2777.0,59.0,0,70,68,138.77551020408166,5.13a
40,2910.0,59.0,0,178,73,23.04002019946976,5.13a
41,2917.0,66.0,0,68,63,136.2456747404844,5.13d
42,2936.0,72.0,0,255,63,9.688581314878894,5.14c
43,3012.0,68.0,0,176,68,21.952479338842977,5.14a
44,3059.0,46.0,0,72,78,150.46296296296296,5.11b
45,3091.0,64.0,0,175,73,23.836734693877553,5.13c
46,3095.0,49.0,0,75,78,138.66666666666666,5.11d
47,3430.0,59.0,0,71,78,154.73120412616544,5.13a
48,3483.0,36.0,0,195,68,17.882971729125575,5.10a
49,3572.0,59.0,0,72,68,131.17283950617283,5.13a
51,3810.0,59.0,0,72,78,150.46296296296296,5.13a
52,3831.0,62.0,0,168,63,22.321428571428577,5.13b
53,3907.0,66.0,0,164,58,21.564544913741823,5.13d
54,3936.0,62.0,0,180,73,22.530864197530864,5.13b
55,3943.0,70.0,0,159,63,24.919900320398717,5.14b
56,3953.0,53.0,0,55,100,330.5785123966942,5.12b
57,4101.0,46.0,0,72,78,150.46296296296296,5.11b
58,4151.0,53.0,0,180,68,20.98765432098765,5.12b
59,4391.0,62.0,0,177,73,23.301094832264035,5.13b
60,4422.0,77.0,0,175,73,23.836734693877553,5.15a
61,4447.0,62.0,0,68,68,147.05882352941174,5.13b
62,4524.0,57.0,0,185,78,22.79035792549306,5.12d
63,4530.0,55.0,0,180,68,20.98765432098765,5.12c
64,4539.0,59.0,0,69,63,132.32514177693764,5.13a
65,4629.0,64.0,0,5,68,27199.999999999996,5.13c
66,4662.0,46.0,0,178,68,21.461936624163616,5.11b
67,4700.0,62.0,0,5,100,39999.99999999999,5.13b
68,4744.0,64.0,0,195,93,24.45759368836292,5.13c
70,4850.0,46.0,0,175,73,23.836734693877553,5.11b
71,4901.0,42.0,0,180,63,19.444444444444443,5.10d
72,5087.0,59.0,0,157,63,25.558846200657225,5.13a
73,5302.0,55.0,0,196,88,22.907122032486466,5.12c
75,5347.0,64.0,0,6,73,20277.777777777777,5.13c
76,5352.0,66.0,0,182,73,22.03840115928028,5.13d
77,5498.0,68.0,0,170,58,20.06920415224914,5.14a
79,5850.0,62.0,0,182,73,22.03840115928028,5.13b
80,5909.0,59.0,0,180,63,19.444444444444443,5.13a
81,6051.0,68.0,0,180,68,20.98765432098765,5.14a
82,6348.0,75.0,0,170,63,21.79930795847751,5.14d
83,6418.0,53.0,0,192,73,19.80251736111111,5.12b
84,6419.0,38.0,0,175,63,20.571428571428573,5.10b
86,6652.0,70.0,0,10,100,9999.999999999998,5.14b
87,6801.0,62.0,0,180,68,20.98765432098765,5.13b
88,6891.0,68.0,0,168,63,22.321428571428577,5.14a
89,6900.0,29.0,0,150,40,17.77777777777778,5.7
90,7088.0,64.0,0,182,68,20.528921627822726,5.13c
91,7233.0,42.0,0,172,73,24.675500270416443,5.10d
92,7278.0,57.0,0,170,68,23.529411764705884,5.12d
94,7400.0,53.0,0,170,73,25.25951557093426,5.12b
95,7510.0,51.0,0,183,83,24.78425751739377,5.12a
97,7575.0,64.0,0,161,63,24.3046178773967,5.13c
99,7655.0,68.0,0,173,68,22.720438370810918,5.14a
100,7907.0,62.0,0,170,68,23.529411764705884,5.13b
101,7983.0,57.0,0,170,83,28.719723183391007,5.12d
102,8063.0,49.0,0,179,78,24.343809494085704,5.11d
103,8189.0,44.0,0,175,63,20.571428571428573,5.11a
105,8439.0,68.0,0,167,68,24.38237297859371,5.14a
106,8444.0,70.0,0,152,53,22.939750692520775,5.14b
107,8650.0,51.0,0,176,68,21.952479338842977,5.12a
108,8730.0,53.0,0,185,73,21.32943754565376,5.12b
109,8741.0,62.0,0,175,68,22.20408163265306,5.13b
110,8777.0,55.0,0,179,78,24.343809494085704,5.12c
111,8975.0,59.0,0,165,58,21.30394857667585,5.13a
112,8993.0,72.0,0,170,58,20.06920415224914,5.14c
113,9018.0,51.0,0,178,73,23.04002019946976,5.12a
115,9181.0,68.0,0,177,88,28.088991030674453,5.14a
116,9311.0,53.0,0,176,63,20.33832644628099,5.12b
117,9413.0,59.0,0,173,68,22.720438370810918,5.13a
118,9429.0,66.0,0,170,63,21.79930795847751,5.13d
119,9509.0,55.0,0,6,78,21666.666666666668,5.12c
121,9567.0,53.0,0,183,63,18.812147272238644,5.12b
122,9695.0,44.0,0,190,88,24.37673130193906,5.11a
123,9806.0,31.0,0,187,78,22.305470559638533,5.8
125,10035.0,40.0,0,182,78,23.54788069073783,5.10c
126,10043.0,38.0,0,175,73,23.836734693877553,5.10b
127,10324.0,59.0,0,182,68,20.528921627822726,5.13a
128,10370.0,62.0,0,177,63,20.109164033323754,5.13b
130,10420.0,57.0,0,183,73,21.798202394816204,5.12d
131,10441.0,68.0,0,190,88,24.37673130193906,5.14a
132,10537.0,55.0,0,183,83,24.78425751739377,5.12c
133,10633.0,62.0,0,188,73,20.654142145767317,5.13b
134,10685.0,53.0,0,1,63,630000.0,5.12b
135,10998.0,64.0,0,173,68,22.720438370810918,5.13c
136,11014.0,70.0,0,183,78,23.291229956104985,5.14b
137,11065.0,68.0,0,178,68,21.461936624163616,5.14a
138,11104.0,70.0,0,180,73,22.530864197530864,5.14b
139,11192.0,49.0,0,255,68,10.457516339869281,5.11d
140,11264.0,59.0,0,178,73,23.04002019946976,5.13a
141,11328.0,44.0,0,6,78,21666.666666666668,5.11a
142,11342.0,64.0,0,178,73,23.04002019946976,5.13c
143,11363.0,72.0,0,6,63,17500.0,5.14c
144,11452.0,59.0,0,186,78,22.54595907041276,5.13a
145,11464.0,59.0,0,185,73,21.32943754565376,5.13a
146,11505.0,51.0,0,179,83,25.90431010268094,5.12a
148,11597.0,46.0,0,185,63,18.407596785975162,5.11b
150,11666.0,59.0,0,181,73,22.282592106468055,5.13a
151,11703.0,64.0,0,180,68,20.98765432098765,5.13c
152,11833.0,36.0,0,172,63,21.29529475392104,5.10a
153,11847.0,44.0,0,183,73,21.798202394816204,5.11a
154,12012.0,53.0,0,177,68,21.705129432793896,5.12b
155,12015.0,62.0,0,176,73,23.56663223140496,5.13b
156,12021.0,46.0,0,206,53,12.489395796022245,5.11b
158,12093.0,51.0,0,183,78,23.291229956104985,5.12a
159,12179.0,51.0,0,175,63,20.571428571428573,5.12a
160,12377.0,68.0,0,185,68,19.86851716581446,5.14a
161,12419.0,44.0,0,189,73,20.43615800229557,5.11a
162,12457.0,68.0,0,176,68,21.952479338842977,5.14a
163,12486.0,57.0,0,177,68,21.705129432793896,5.12d
164,12499.0,57.0,0,178,68,21.461936624163616,5.12d
165,12513.0,55.0,0,171,63,21.545090797168363,5.12c
166,12527.0,51.0,0,176,73,23.56663223140496,5.12a
167,12650.0,46.0,0,180,68,20.98765432098765,5.11b
168,12702.0,51.0,0,173,63,21.04981790236894,5.12a
169,12827.0,46.0,0,149,58,26.12494932660691,5.11b
170,12870.0,66.0,0,170,58,20.06920415224914,5.13d
171,12943.0,62.0,0,255,93,14.302191464821224,5.13b
172,12993.0,68.0,0,165,53,19.467401285583104,5.14a
173,13299.0,38.0,0,163,73,27.475629493018182,5.10b
174,13332.0,49.0,0,183,68,20.305174833527424,5.11d
175,13361.0,46.0,0,182,78,23.54788069073783,5.11b
176,13523.0,44.0,0,153,93,39.728309624503396,5.11a
177,13569.0,51.0,0,171,63,21.545090797168363,5.12a
179,13796.0,59.0,0,183,83,24.78425751739377,5.13a
180,13829.0,40.0,0,190,83,22.991689750692522,5.10c
181,13844.0,55.0,0,195,83,21.827744904667984,5.12c
182,13916.0,49.0,0,178,73,23.04002019946976,5.11d
183,13934.0,53.0,0,70,68,138.77551020408166,5.12b
184,13969.0,46.0,0,172,73,24.675500270416443,5.11b
185,14136.0,62.0,0,173,63,21.04981790236894,5.13b
186,14202.0,51.0,0,172,73,24.675500270416443,5.12a
187,14303.0,46.0,0,176,68,21.952479338842977,5.11b
188,14365.0,62.0,0,174,73,24.111507464658473,5.13b
189,14396.0,53.0,0,178,68,21.461936624163616,5.12b
190,14597.0,70.0,0,169,63,22.058051188683873,5.14b
191,14741.0,59.0,0,177,68,21.705129432793896,5.13a
192,14767.0,51.0,0,183,78,23.291229956104985,5.12a
194,14879.0,57.0,0,165,68,24.977043158861342,5.12d
195,14924.0,59.0,0,193,88,23.624795296518027,5.13a
197,15120.0,66.0,0,167,63,22.589551436050055,5.13d
198,15158.0,51.0,0,175,63,20.571428571428573,5.12a
199,15283.0,55.0,0,190,88,24.37673130193906,5.12c
200,15370.0,51.0,0,152,78,33.76038781163435,5.12a
203,15600.0,46.0,0,155,73,30.38501560874089,5.11b
204,15643.0,42.0,0,173,73,24.3910588392529,5.10d
205,15753.0,72.0,0,168,68,24.092970521541954,5.14c
206,15999.0,64.0,0,180,63,19.444444444444443,5.13c
207,16033.0,62.0,0,176,68,21.952479338842977,5.13b
208,16085.0,62.0,0,178,73,23.04002019946976,5.13b
210,16363.0,66.0,0,182,78,23.54788069073783,5.13d
211,16476.0,46.0,0,178,73,23.04002019946976,5.11b
214,16648.0,59.0,0,182,78,23.54788069073783,5.13a
215,16682.0,62.0,0,177,63,20.109164033323754,5.13b
216,16711.0,38.0,0,178,68,21.461936624163616,5.10b
217,16828.0,53.0,0,175,68,22.20408163265306,5.12b
219,16838.0,40.0,0,173,58,19.37919743392696,5.10c
220,16855.0,72.0,0,178,68,21.461936624163616,5.14c
221,16874.0,44.0,0,177,68,21.705129432793896,5.11a
222,16913.0,64.0,0,172,58,19.60519199567334,5.13c
223,16972.0,68.0,0,180,78,24.074074074074073,5.14a
225,17032.0,46.0,0,188,78,22.068809416025353,5.11b
226,17131.0,40.0,0,180,68,20.98765432098765,5.10c
227,17147.0,59.0,0,180,78,24.074074074074073,5.13a
229,17231.0,68.0,0,173,68,22.720438370810918,5.14a
230,17349.0,53.0,0,188,73,20.654142145767317,5.12b
231,17358.0,70.0,0,180,73,22.530864197530864,5.14b
232,17396.0,53.0,0,190,78,21.606648199445985,5.12b
233,17417.0,64.0,0,1,53,530000.0,5.13c
235,17519.0,46.0,0,180,78,24.074074074074073,5.11b
236,17586.0,57.0,0,190,78,21.606648199445985,5.12d
237,17595.0,36.0,0,180,83,25.61728395061728,5.10a
238,17607.0,53.0,0,173,53,17.70857696548498,5.12b
239,17697.0,55.0,0,165,53,19.467401285583104,5.12c
240,17722.0,62.0,0,188,78,22.068809416025353,5.13b
241,17799.0,66.0,0,5,63,25199.999999999996,5.13d
242,17823.0,53.0,0,187,73,20.875632703251448,5.12b
243,17929.0,36.0,0,178,63,19.883853048857468,5.10a
244,18028.0,55.0,0,177,63,20.109164033323754,5.12c
245,18030.0,38.0,0,170,63,21.79930795847751,5.10b
246,18065.0,64.0,0,174,73,24.111507464658473,5.13c
247,18139.0,62.0,0,170,63,21.79930795847751,5.13b
249,18337.0,62.0,0,185,83,24.251278305332356,5.13b
250,18405.0,57.0,0,176,58,18.72417355371901,5.12d
251,18453.0,55.0,0,175,58,18.93877551020408,5.12c
252,18486.0,59.0,0,180,68,20.98765432098765,5.13a
253,18537.0,64.0,0,173,68,22.720438370810918,5.13c
254,18593.0,53.0,0,178,83,26.19618735008206,5.12b
255,18702.0,64.0,0,184,63,18.608223062381853,5.13c
257,18913.0,51.0,0,196,83,21.605581007913372,5.12a
258,18963.0,64.0,0,189,78,21.83589485176787,5.13c
259,19022.0,68.0,0,175,68,22.20408163265306,5.14a
260,19092.0,57.0,0,175,73,23.836734693877553,5.12d
261,19184.0,55.0,0,167,58,20.796729893506402,5.12c
262,19193.0,40.0,0,175,68,22.20408163265306,5.10c
263,19198.0,49.0,0,178,78,24.61810377477591,5.11d
264,19199.0,51.0,0,183,73,21.798202394816204,5.12a
265,19264.0,44.0,0,178,93,29.352354500694357,5.11a
266,19266.0,51.0,0,161,63,24.3046178773967,5.12a
267,19432.0,66.0,0,180,68,20.98765432098765,5.13d
268,19484.0,51.0,0,183,73,21.798202394816204,5.12a
269,19712.0,64.0,0,177,68,21.705129432793896,5.13c
270,19722.0,62.0,0,182,73,22.03840115928028,5.13b
271,19808.0,62.0,0,184,83,24.515595463137995,5.13b
272,19942.0,49.0,0,175,68,22.20408163265306,5.11d
273,20011.0,64.0,0,188,73,20.654142145767317,5.13c
274,20069.0,55.0,0,175,68,22.20408163265306,5.12c
275,20101.0,59.0,0,176,63,20.33832644628099,5.13a
277,20180.0,44.0,0,181,58,17.70397729007051,5.11a
278,20210.0,68.0,0,173,63,21.04981790236894,5.14a
279,20367.0,51.0,0,172,58,19.60519199567334,5.12a
280,20416.0,70.0,0,175,68,22.20408163265306,5.14b
281,20421.0,53.0,0,180,63,19.444444444444443,5.12b
282,20430.0,13.0,0,169,58,20.307412205454995,5.3
283,20432.0,70.0,0,179,78,24.343809494085704,5.14b
284,20537.0,53.0,0,182,63,19.01944209636517,5.12b
285,20641.0,33.0,0,166,83,30.120481927710845,5.9
286,20688.0,59.0,0,177,73,23.301094832264035,5.13a
287,20705.0,59.0,0,173,53,17.70857696548498,5.13a
288,20730.0,53.0,0,183,63,18.812147272238644,5.12b
289,20748.0,59.0,0,178,68,21.461936624163616,5.13a
290,20789.0,66.0,0,182,73,22.03840115928028,5.13d
291,20832.0,59.0,0,190,73,20.221606648199447,5.13a
292,20845.0,38.0,0,198,78,19.89592898683808,5.10b
293,20951.0,36.0,0,190,93,25.761772853185597,5.10a
294,20975.0,31.0,0,178,78,24.61810377477591,5.8
295,21022.0,59.0,0,175,68,22.20408163265306,5.13a
296,21099.0,36.0,0,170,63,21.79930795847751,5.10a
297,21103.0,57.0,0,180,63,19.444444444444443,5.12d
300,21223.0,51.0,0,170,68,23.529411764705884,5.12a
302,21351.0,51.0,0,186,78,22.54595907041276,5.12a
303,21421.0,59.0,0,183,83,24.78425751739377,5.13a
305,21662.0,49.0,0,174,58,19.157088122605362,5.11d
306,21674.0,59.0,0,167,63,22.589551436050055,5.13a
307,21698.0,31.0,0,175,78,25.46938775510204,5.8
308,21719.0,51.0,0,182,73,22.03840115928028,5.12a
310,21772.0,64.0,0,171,68,23.25501863821347,5.13c
311,21862.0,38.0,0,185,83,24.251278305332356,5.10b
312,21938.0,59.0,0,180,73,22.530864197530864,5.13a
314,22026.0,57.0,0,180,63,19.444444444444443,5.12d
316,22100.0,64.0,0,178,68,21.461936624163616,5.13c
317,22105.0,66.0,0,182,73,22.03840115928028,5.13d
318,22113.0,53.0,0,70,83,169.38775510204084,5.12b
319,22198.0,51.0,0,191,68,18.63983991666895,5.12a
320,22201.0,40.0,0,190,83,22.991689750692522,5.10c
321,22202.0,59.0,0,180,68,20.98765432098765,5.13a
322,22257.0,33.0,0,177,78,24.897060231734173,5.9
323,22275.0,62.0,0,181,68,20.756387167668876,5.13b
324,22313.0,55.0,0,187,63,18.015956990477278,5.12c
325,22323.0,31.0,0,180,68,20.98765432098765,5.8
326,22351.0,59.0,0,176,63,20.33832644628099,5.13a
327,22364.0,40.0,0,175,73,23.836734693877553,5.10c
328,22420.0,46.0,0,181,78,23.808797045267237,5.11b
330,22471.0,53.0,0,255,78,11.995386389850058,5.12b
331,22509.0,42.0,0,174,73,24.111507464658473,5.10d
332,22555.0,59.0,0,180,68,20.98765432098765,5.13a
333,22558.0,51.0,0,183,73,21.798202394816204,5.12a
334,22583.0,36.0,0,185,78,22.79035792549306,5.10a
336,22675.0,62.0,0,177,78,24.897060231734173,5.13b
337,22678.0,59.0,0,178,58,18.30576947355132,5.13a
338,22698.0,46.0,0,186,78,22.54595907041276,5.11b
340,22868.0,44.0,0,173,68,22.720438370810918,5.11a
341,23112.0,38.0,0,182,73,22.03840115928028,5.10b
342,23153.0,59.0,0,175,68,22.20408163265306,5.13a
343,23195.0,57.0,0,179,68,21.22280827689523,5.12d
344,23212.0,51.0,0,170,63,21.79930795847751,5.12a
345,23272.0,49.0,0,180,63,19.444444444444443,5.11d
346,23343.0,59.0,0,152,78,33.76038781163435,5.13a
347,23371.0,70.0,0,182,68,20.528921627822726,5.14b
349,23571.0,55.0,0,177,68,21.705129432793896,5.12c
350,23590.0,55.0,0,170,68,23.529411764705884,5.12c
351,23659.0,55.0,0,181,68,20.756387167668876,5.12c
352,23684.0,46.0,0,180,73,22.530864197530864,5.11b
353,23689.0,46.0,0,176,63,20.33832644628099,5.11b
355,23741.0,46.0,0,111,78,63.30654979303627,5.11b
356,23747.0,62.0,0,255,100,15.378700499807767,5.13b
357,23789.0,51.0,0,182,63,19.01944209636517,5.12a
358,23835.0,66.0,0,182,73,22.03840115928028,5.13d
359,23837.0,53.0,0,180,58,17.901234567901234,5.12b
360,23907.0,53.0,0,172,58,19.60519199567334,5.12b
362,23985.0,55.0,0,228,73,14.04278239458295,5.12c
364,24115.0,62.0,0,182,68,20.528921627822726,5.13b
365,24130.0,53.0,0,180,68,20.98765432098765,5.12b
366,24147.0,64.0,0,177,63,20.109164033323754,5.13c
369,24307.0,49.0,0,165,63,23.140495867768596,5.11d
370,24318.0,68.0,0,185,73,21.32943754565376,5.14a
371,24362.0,33.0,0,165,58,21.30394857667585,5.9
373,24377.0,68.0,0,168,63,22.321428571428577,5.14a
374,24611.0,59.0,0,175,63,20.571428571428573,5.13a
375,24618.0,55.0,0,173,78,26.061679307694877,5.12c
376,24746.0,46.0,0,175,73,23.836734693877553,5.11b
377,24763.0,53.0,0,188,83,23.48347668628339,5.12b
379,24875.0,53.0,0,180,68,20.98765432098765,5.12b
380,24876.0,51.0,0,173,73,24.3910588392529,5.12a
382,24893.0,62.0,0,185,78,22.79035792549306,5.13b
383,24899.0,40.0,0,190,73,20.221606648199447,5.10c
384,24902.0,33.0,0,174,73,24.111507464658473,5.9
385,24910.0,53.0,0,169,63,22.058051188683873,5.12b
387,24954.0,40.0,0,173,68,22.720438370810918,5.10c
389,25240.0,44.0,0,168,58,20.549886621315196,5.11a
390,25264.0,51.0,0,178,68,21.461936624163616,5.12a
391,25343.0,51.0,0,165,63,23.140495867768596,5.12a
392,25344.0,64.0,0,175,73,23.836734693877553,5.13c
393,25373.0,33.0,0,180,78,24.074074074074073,5.9
394,25493.0,42.0,0,185,78,22.79035792549306,5.10d
395,25641.0,59.0,0,163,58,21.829952199932254,5.13a
396,25709.0,51.0,0,183,78,23.291229956104985,5.12a
397,25717.0,49.0,0,178,88,27.77427092538821,5.11d
398,25771.0,53.0,0,178,73,23.04002019946976,5.12b
399,25783.0,59.0,0,186,83,23.991212856977683,5.13a
400,25792.0,59.0,0,188,83,23.48347668628339,5.13a
401,25825.0,64.0,0,185,83,24.251278305332356,5.13c
402,25827.0,62.0,0,184,93,27.469281663516067,5.13b
403,25976.0,51.0,0,186,73,21.10070528384784,5.12a
405,26011.0,53.0,0,175,78,25.46938775510204,5.12b
406,26031.0,59.0,0,182,68,20.528921627822726,5.13a
407,26054.0,44.0,0,182,68,20.528921627822726,5.11a
408,26088.0,44.0,0,180,78,24.074074074074073,5.11a
409,26089.0,44.0,0,180,83,25.61728395061728,5.11a
410,26308.0,53.0,0,178,68,21.461936624163616,5.12b
411,26369.0,53.0,0,183,73,21.798202394816204,5.12b
412,26480.0,38.0,0,178,83,26.19618735008206,5.10b
413,26543.0,44.0,0,193,78,20.940159467368254,5.11a
414,26597.0,55.0,0,183,78,23.291229956104985,5.12c
415,26677.0,70.0,0,168,58,20.549886621315196,5.14b
416,26719.0,62.0,0,173,68,22.720438370810918,5.13b
417,26929.0,44.0,0,177,63,20.109164033323754,5.11a
418,26964.0,33.0,0,180,78,24.074074074074073,5.9
419,26983.0,62.0,0,175,68,22.20408163265306,5.13b
420,27017.0,44.0,0,181,78,23.808797045267237,5.11a
421,27066.0,36.0,0,172,83,28.055705786911847,5.10a
422,27070.0,51.0,0,168,63,22.321428571428577,5.12a
423,27216.0,38.0,0,182,73,22.03840115928028,5.10b
424,27230.0,46.0,0,183,78,23.291229956104985,5.11b
425,27234.0,62.0,0,181,73,22.282592106468055,5.13b
426,27263.0,33.0,0,168,58,20.549886621315196,5.9
427,27283.0,44.0,0,173,68,22.720438370810918,5.11a
428,27387.0,46.0,0,191,78,21.380992845590857,5.11b
429,27504.0,51.0,0,180,78,24.074074074074073,5.12a
430,27512.0,59.0,0,185,73,21.32943754565376,5.13a
431,27532.0,57.0,0,176,73,23.56663223140496,5.12d
432,27534.0,53.0,0,177,68,21.705129432793896,5.12b
433,27584.0,66.0,0,184,63,18.608223062381853,5.13d
434,27592.0,68.0,0,134,40,22.276676319893067,5.14a
436,27615.0,38.0,0,186,73,21.10070528384784,5.10b
437,27820.0,59.0,0,180,68,20.98765432098765,5.13a
438,27832.0,55.0,0,169,68,23.80869017191275,5.12c
439,27867.0,62.0,0,177,58,18.513198633853616,5.13b
440,27884.0,57.0,0,183,93,27.77031263997133,5.12d
441,27894.0,33.0,0,182,78,23.54788069073783,5.9
443,27897.0,72.0,0,160,48,18.749999999999996,5.14c
444,27927.0,51.0,0,170,63,21.79930795847751,5.12a
445,27979.0,51.0,0,167,53,19.003908350962746,5.12a
446,28051.0,59.0,0,165,68,24.977043158861342,5.13a
447,28072.0,62.0,0,68,68,147.05882352941174,5.13b
448,28367.0,36.0,0,170,63,21.79930795847751,5.10a
449,28452.0,53.0,0,180,68,20.98765432098765,5.12b
450,28476.0,62.0,0,182,73,22.03840115928028,5.13b
451,28606.0,51.0,0,192,68,18.446180555555557,5.12a
452,28772.0,44.0,0,175,73,23.836734693877553,5.11a
453,28819.0,49.0,0,180,83,25.61728395061728,5.11d
454,28851.0,59.0,0,162,63,24.005486968449926,5.13a
455,28914.0,64.0,0,185,78,22.79035792549306,5.13c
456,28932.0,51.0,0,175,68,22.20408163265306,5.12a
457,28942.0,46.0,0,180,63,19.444444444444443,5.11b
458,28975.0,44.0,0,183,73,21.798202394816204,5.11a
459,29046.0,59.0,0,175,68,22.20408163265306,5.13a
460,29248.0,49.0,0,175,73,23.836734693877553,5.11d
461,29275.0,72.0,0,180,73,22.530864197530864,5.14c
464,29372.0,33.0,0,175,68,22.20408163265306,5.9
465,29394.0,49.0,0,188,88,24.898143956541425,5.11d
466,29490.0,59.0,0,185,78,22.79035792549306,5.13a
467,29811.0,59.0,0,76,98,169.66759002770084,5.13a
468,29844.0,62.0,0,183,83,24.78425751739377,5.13b
469,29859.0,44.0,0,178,68,21.461936624163616,5.11a
470,29890.0,51.0,0,172,63,21.29529475392104,5.12a
472,29985.0,64.0,0,178,63,19.883853048857468,5.13c
473,29995.0,46.0,0,181,73,22.282592106468055,5.11b
475,30034.0,42.0,0,184,78,23.03875236294896,5.10d
476,30055.0,36.0,0,175,78,25.46938775510204,5.10a
477,30152.0,62.0,0,160,58,22.656249999999996,5.13b
478,30196.0,57.0,0,177,78,24.897060231734173,5.12d
479,30204.0,40.0,0,139,63,32.607007918844786,5.10c
480,30218.0,64.0,0,171,83,28.384802161348794,5.13c
481,30272.0,46.0,0,186,78,22.54595907041276,5.11b
483,30372.0,38.0,0,180,78,24.074074074074073,5.10b
484,30398.0,42.0,0,180,78,24.074074074074073,5.10d
485,30441.0,55.0,0,175,68,22.20408163265306,5.12c
486,30457.0,55.0,0,170,63,21.79930795847751,5.12c
487,30460.0,51.0,0,212,63,14.017443930224276,5.12a
488,30478.0,44.0,0,178,63,19.883853048857468,5.11a
489,30509.0,53.0,0,176,68,21.952479338842977,5.12b
490,30566.0,64.0,0,183,83,24.78425751739377,5.13c
491,30583.0,31.0,0,183,63,18.812147272238644,5.8
492,30653.0,53.0,0,179,83,25.90431010268094,5.12b
493,30679.0,59.0,0,165,58,21.30394857667585,5.13a
494,30693.0,55.0,0,183,68,20.305174833527424,5.12c
495,30728.0,66.0,0,177,58,18.513198633853616,5.13d
496,30758.0,59.0,0,182,73,22.03840115928028,5.13a
497,30803.0,55.0,0,178,68,21.461936624163616,5.12c
498,30860.0,59.0,0,174,63,20.808561236623067,5.13a
499,30869.0,40.0,0,167,58,20.796729893506402,5.10c
500,30873.0,68.0,0,171,63,21.545090797168363,5.14a
501,30960.0,44.0,0,178,73,23.04002019946976,5.11a
502,31072.0,51.0,0,182,83,25.057360222195385,5.12a
503,31077.0,53.0,0,172,63,21.29529475392104,5.12b
504,31145.0,59.0,0,166,63,22.8625344752504,5.13a
505,31148.0,66.0,0,170,63,21.79930795847751,5.13d
506,31149.0,70.0,0,175,63,20.571428571428573,5.14b
507,31157.0,59.0,0,171,63,21.545090797168363,5.13a
508,31433.0,33.0,0,165,68,24.977043158861342,5.9
509,31451.0,62.0,0,179,58,18.101807059704754,5.13b
511,31520.0,53.0,0,194,88,23.381868423849507,5.12b
512,31624.0,29.0,0,175,63,20.571428571428573,5.7
513,31821.0,64.0,0,172,68,22.985397512168742,5.13c
514,31848.0,51.0,0,166,58,21.04804761213529,5.12a
515,31888.0,40.0,0,162,68,25.910684346898332,5.10c
516,31891.0,57.0,0,183,78,23.291229956104985,5.12d
517,31979.0,62.0,0,182,83,25.057360222195385,5.13b
518,31994.0,68.0,0,175,63,20.571428571428573,5.14a
519,32202.0,59.0,0,190,73,20.221606648199447,5.13a
521,32520.0,46.0,0,176,78,25.180785123966942,5.11b
522,32532.0,46.0,0,180,68,20.98765432098765,5.11b
524,32546.0,51.0,0,183,78,23.291229956104985,5.12a
525,32615.0,46.0,0,173,68,22.720438370810918,5.11b
526,32618.0,55.0,0,183,68,20.305174833527424,5.12c
529,32885.0,64.0,0,168,58,20.549886621315196,5.13c
531,32978.0,53.0,0,178,68,21.461936624163616,5.12b
532,33018.0,51.0,0,188,83,23.48347668628339,5.12a
533,33026.0,46.0,0,198,88,22.44668911335578,5.11b
534,33043.0,46.0,0,177,73,23.301094832264035,5.11b
535,33064.0,64.0,0,167,53,19.003908350962746,5.13c
537,33160.0,68.0,0,181,63,19.230182228869694,5.14a
538,33207.0,36.0,0,191,88,24.12214577451276,5.10a
539,33210.0,51.0,0,173,63,21.04981790236894,5.12a
541,33273.0,70.0,0,176,63,20.33832644628099,5.14b
542,33278.0,53.0,0,170,58,20.06920415224914,5.12b
543,33408.0,55.0,0,171,63,21.545090797168363,5.12c
544,33428.0,51.0,0,255,78,11.995386389850058,5.12a
546,33484.0,55.0,0,173,68,22.720438370810918,5.12c
547,33634.0,42.0,0,190,83,22.991689750692522,5.10d
552,34025.0,62.0,0,183,73,21.798202394816204,5.13b
553,34034.0,64.0,0,175,68,22.20408163265306,5.13c
554,34050.0,51.0,0,180,68,20.98765432098765,5.12a
556,34124.0,40.0,0,198,68,17.345168860320378,5.10c
557,34143.0,46.0,0,170,73,25.25951557093426,5.11b
558,34152.0,59.0,0,179,73,22.783308885490467,5.13a
559,34162.0,59.0,0,177,68,21.705129432793896,5.13a
561,34249.0,51.0,0,185,78,22.79035792549306,5.12a
563,34344.0,62.0,0,175,68,22.20408163265306,5.13b
564,34418.0,64.0,0,176,68,21.952479338842977,5.13c
566,34437.0,44.0,0,175,73,23.836734693877553,5.11a
567,34479.0,51.0,0,186,68,19.65545149728292,5.12a
569,34502.0,40.0,0,172,58,19.60519199567334,5.10c
570,34510.0,46.0,0,177,68,21.705129432793896,5.11b
572,34706.0,49.0,0,187,78,22.305470559638533,5.11d
573,34785.0,68.0,0,180,63,19.444444444444443,5.14a
574,34845.0,40.0,0,183,98,29.26334020126011,5.10c
575,34923.0,62.0,0,167,58,20.796729893506402,5.13b
576,34959.0,44.0,0,177,73,23.301094832264035,5.11a
577,34998.0,62.0,0,173,73,24.3910588392529,5.13b
578,35057.0,55.0,0,175,73,23.836734693877553,5.12c
579,35058.0,53.0,0,67,68,151.48139897527287,5.12b
580,35143.0,62.0,0,180,73,22.530864197530864,5.13b
581,35152.0,55.0,0,178,68,21.461936624163616,5.12c
582,35159.0,59.0,0,172,63,21.29529475392104,5.13a
583,35202.0,13.0,0,180,78,24.074074074074073,5.3
584,35237.0,64.0,0,178,68,21.461936624163616,5.13c
585,35314.0,57.0,0,175,68,22.20408163265306,5.12d
587,35406.0,59.0,0,185,78,22.79035792549306,5.13a
588,35424.0,55.0,0,174,63,20.808561236623067,5.12c
589,35452.0,40.0,0,180,83,25.61728395061728,5.10c
590,35514.0,40.0,0,168,73,25.86451247165533,5.10c
591,35520.0,46.0,0,180,63,19.444444444444443,5.11b
592,35526.0,53.0,0,177,78,24.897060231734173,5.12b
593,35531.0,62.0,0,183,78,23.291229956104985,5.13b
594,35537.0,62.0,0,180,58,17.901234567901234,5.13b
596,35685.0,46.0,0,177,68,21.705129432793896,5.11b
597,35695.0,51.0,0,187,88,25.165146272412706,5.12a
599,35728.0,44.0,0,180,68,20.98765432098765,5.11a
600,35823.0,51.0,0,182,73,22.03840115928028,5.12a
601,35869.0,68.0,0,173,63,21.04981790236894,5.14a
602,35910.0,70.0,0,175,68,22.20408163265306,5.14b
603,35921.0,51.0,0,183,73,21.798202394816204,5.12a
604,35997.0,40.0,0,175,78,25.46938775510204,5.10c
605,36096.0,36.0,0,188,78,22.068809416025353,5.10a
606,36297.0,64.0,0,165,73,26.813590449954088,5.13c
607,36314.0,38.0,0,255,93,14.302191464821224,5.10b
608,36527.0,46.0,0,176,68,21.952479338842977,5.11b
609,36549.0,51.0,0,168,63,22.321428571428577,5.12a
610,36600.0,62.0,0,175,68,22.20408163265306,5.13b
611,36617.0,51.0,0,177,68,21.705129432793896,5.12a
612,36729.0,53.0,0,173,68,22.720438370810918,5.12b
613,36918.0,55.0,0,168,63,22.321428571428577,5.12c
614,37043.0,62.0,0,170,73,25.25951557093426,5.13b
615,37058.0,51.0,0,180,73,22.530864197530864,5.12a
616,37108.0,53.0,0,170,53,18.339100346020764,5.12b
617,37179.0,70.0,0,178,68,21.461936624163616,5.14b
618,37189.0,64.0,0,171,63,21.545090797168363,5.13c
619,37214.0,68.0,0,160,48,18.749999999999996,5.14a
620,37259.0,55.0,0,180,68,20.98765432098765,5.12c
621,37365.0,59.0,0,173,68,22.720438370810918,5.13a
622,37377.0,44.0,0,173,73,24.3910588392529,5.11a
623,37441.0,46.0,0,177,68,21.705129432793896,5.11b
624,37457.0,55.0,0,180,78,24.074074074074073,5.12c
625,37512.0,53.0,0,165,63,23.140495867768596,5.12b
626,37600.0,62.0,0,170,63,21.79930795847751,5.13b
628,37760.0,40.0,0,180,73,22.530864197530864,5.10c
629,37855.0,33.0,0,181,73,22.282592106468055,5.9
630,38007.0,62.0,0,176,68,21.952479338842977,5.13b
631,38023.0,70.0,0,170,68,23.529411764705884,5.14b
632,38099.0,70.0,0,179,63,19.66230766829999,5.14b
633,38177.0,49.0,0,175,73,23.836734693877553,5.11d
634,38211.0,51.0,0,178,73,23.04002019946976,5.12a
635,38221.0,51.0,0,188,78,22.068809416025353,5.12a
636,38232.0,66.0,0,188,73,20.654142145767317,5.13d
637,38316.0,57.0,0,183,73,21.798202394816204,5.12d
638,38395.0,75.0,0,170,53,18.339100346020764,5.14d
639,38575.0,44.0,0,193,88,23.624795296518027,5.11a
640,38586.0,46.0,0,172,63,21.29529475392104,5.11b
641,38600.0,46.0,0,175,68,22.20408163265306,5.11b
642,38763.0,55.0,0,172,63,21.29529475392104,5.12c
644,38953.0,66.0,0,180,78,24.074074074074073,5.13d
645,38961.0,51.0,0,170,63,21.79930795847751,5.12a
648,38983.0,59.0,0,180,68,20.98765432098765,5.13a
649,38985.0,55.0,0,185,68,19.86851716581446,5.12c
650,39007.0,36.0,0,173,58,19.37919743392696,5.10a
651,39050.0,59.0,0,177,68,21.705129432793896,5.13a
652,39066.0,46.0,0,187,83,23.735308416025617,5.11b
654,39134.0,46.0,0,180,68,20.98765432098765,5.11b
656,39162.0,53.0,0,190,58,16.066481994459835,5.12b
657,39165.0,57.0,0,175,63,20.571428571428573,5.12d
658,39184.0,53.0,0,188,83,23.48347668628339,5.12b
659,39241.0,66.0,0,170,63,21.79930795847751,5.13d
660,39289.0,49.0,0,186,73,21.10070528384784,5.11d
661,39447.0,36.0,0,180,63,19.444444444444443,5.10a
662,39581.0,64.0,0,175,73,23.836734693877553,5.13c
663,39588.0,36.0,0,185,88,25.712198685171657,5.10a
664,39678.0,46.0,0,180,98,30.24691358024691,5.11b
665,39802.0,57.0,0,178,63,19.883853048857468,5.12d
666,40008.0,51.0,0,172,63,21.29529475392104,5.12a
667,40110.0,62.0,0,183,68,20.305174833527424,5.13b
668,40224.0,55.0,0,174,73,24.111507464658473,5.12c
669,40250.0,68.0,0,178,68,21.461936624163616,5.14a
670,40312.0,68.0,0,167,68,24.38237297859371,5.14a
671,40449.0,51.0,0,177,68,21.705129432793896,5.12a
672,40494.0,68.0,0,170,63,21.79930795847751,5.14a
673,40521.0,49.0,0,170,63,21.79930795847751,5.11d
674,40567.0,66.0,0,175,63,20.571428571428573,5.13d
676,40611.0,40.0,0,73,78,146.3689247513605,5.10c
677,40752.0,53.0,0,178,68,21.461936624163616,5.12b
678,40771.0,51.0,0,176,68,21.952479338842977,5.12a
680,40969.0,62.0,0,181,78,23.808797045267237,5.13b
681,41034.0,49.0,0,188,73,20.654142145767317,5.11d
682,41089.0,42.0,0,183,73,21.798202394816204,5.10d
684,41256.0,46.0,0,180,73,22.530864197530864,5.11b
686,41277.0,49.0,0,182,78,23.54788069073783,5.11d
687,41382.0,38.0,0,172,63,21.29529475392104,5.10b
688,41397.0,55.0,0,185,73,21.32943754565376,5.12c
689,41502.0,55.0,0,193,78,20.940159467368254,5.12c
690,41518.0,59.0,0,190,78,21.606648199445985,5.13a
691,41536.0,51.0,0,187,68,19.445794846864363,5.12a
692,41599.0,55.0,0,178,63,19.883853048857468,5.12c
694,41648.0,70.0,0,180,73,22.530864197530864,5.14b
695,41660.0,46.0,0,188,68,19.23947487550928,5.11b
696,41675.0,53.0,0,185,68,19.86851716581446,5.12b
697,41771.0,55.0,0,180,73,22.530864197530864,5.12c
698,41797.0,46.0,0,179,78,24.343809494085704,5.11b
699,41836.0,59.0,0,174,63,20.808561236623067,5.13a
701,41963.0,46.0,0,170,63,21.79930795847751,5.11b
702,42109.0,46.0,0,178,63,19.883853048857468,5.11b
703,42127.0,68.0,0,180,68,20.98765432098765,5.14a
705,42461.0,51.0,0,182,73,22.03840115928028,5.12a
706,42526.0,33.0,0,170,48,16.60899653979239,5.9
707,42548.0,59.0,0,182,78,23.54788069073783,5.13a
708,42661.0,36.0,0,178,78,24.61810377477591,5.10a
709,42714.0,59.0,0,185,78,22.79035792549306,5.13a
711,42881.0,62.0,0,170,63,21.79930795847751,5.13b
712,43156.0,62.0,0,182,73,22.03840115928028,5.13b
713,43170.0,59.0,0,192,73,19.80251736111111,5.13a
715,43265.0,53.0,0,168,63,22.321428571428577,5.12b
716,43272.0,38.0,0,183,73,21.798202394816204,5.10b
718,43528.0,62.0,0,177,73,23.301094832264035,5.13b
719,43567.0,51.0,0,255,88,13.533256439830835,5.12a
720,43643.0,53.0,0,178,68,21.461936624163616,5.12b
721,43733.0,51.0,0,145,73,34.720570749108205,5.12a
722,43740.0,38.0,0,185,88,25.712198685171657,5.10b
723,44101.0,62.0,0,170,63,21.79930795847751,5.13b
724,44115.0,49.0,0,180,68,20.98765432098765,5.11d
725,44132.0,46.0,0,190,78,21.606648199445985,5.11b
726,44142.0,33.0,0,188,78,22.068809416025353,5.9
727,44190.0,55.0,0,172,68,22.985397512168742,5.12c
728,44331.0,40.0,0,192,83,22.51519097222222,5.10c
729,44437.0,46.0,0,175,73,23.836734693877553,5.11b
731,44652.0,36.0,0,173,63,21.04981790236894,5.10a
732,44804.0,44.0,0,180,83,25.61728395061728,5.11a
733,44823.0,36.0,0,183,73,21.798202394816204,5.10a
734,44836.0,59.0,0,182,68,20.528921627822726,5.13a
735,44882.0,40.0,0,177,78,24.897060231734173,5.10c
736,44921.0,59.0,0,185,78,22.79035792549306,5.13a
737,45096.0,53.0,0,172,63,21.29529475392104,5.12b
738,45122.0,53.0,0,182,68,20.528921627822726,5.12b
740,45335.0,40.0,0,180,68,20.98765432098765,5.10c
741,45363.0,51.0,0,172,68,22.985397512168742,5.12a
742,45486.0,51.0,0,167,73,26.175194521137367,5.12a
743,45566.0,59.0,0,185,68,19.86851716581446,5.13a
744,45711.0,42.0,0,176,53,17.110020661157026,5.10d
745,45770.0,55.0,0,185,68,19.86851716581446,5.12c
746,45909.0,46.0,0,177,78,24.897060231734173,5.11b
747,45910.0,40.0,0,180,73,22.530864197530864,5.10c
748,45954.0,55.0,0,185,68,19.86851716581446,5.12c
749,45964.0,38.0,0,192,83,22.51519097222222,5.10b
750,46138.0,46.0,0,177,68,21.705129432793896,5.11b
751,46209.0,57.0,0,186,78,22.54595907041276,5.12d
752,46268.0,55.0,0,173,63,21.04981790236894,5.12c
754,46419.0,59.0,0,183,68,20.305174833527424,5.13a
756,46507.0,57.0,0,180,58,17.901234567901234,5.12d
757,46761.0,53.0,0,172,63,21.29529475392104,5.12b
759,46885.0,64.0,0,172,58,19.60519199567334,5.13c
760,46933.0,59.0,0,172,63,21.29529475392104,5.13a
761,46940.0,62.0,0,184,78,23.03875236294896,5.13b
762,46959.0,68.0,0,182,88,26.56683975365294,5.14a
763,46961.0,64.0,0,185,73,21.32943754565376,5.13c
764,47111.0,53.0,0,168,58,20.549886621315196,5.12b
765,47122.0,44.0,0,173,73,24.3910588392529,5.11a
766,47137.0,38.0,0,182,68,20.528921627822726,5.10b
767,47205.0,57.0,0,189,73,20.43615800229557,5.12d
768,47224.0,51.0,0,174,68,22.460034350640772,5.12a
769,47276.0,55.0,0,193,78,20.940159467368254,5.12c
773,47495.0,62.0,0,180,73,22.530864197530864,5.13b
774,47598.0,51.0,0,186,68,19.65545149728292,5.12a
776,47727.0,49.0,0,182,78,23.54788069073783,5.11d
777,47729.0,44.0,0,170,48,16.60899653979239,5.11a
778,47903.0,53.0,0,170,63,21.79930795847751,5.12b
779,47960.0,57.0,0,183,78,23.291229956104985,5.12d
780,48047.0,55.0,0,170,73,25.25951557093426,5.12c
781,48232.0,64.0,0,182,78,23.54788069073783,5.13c
782,48291.0,44.0,0,178,68,21.461936624163616,5.11a
783,48370.0,62.0,0,172,68,22.985397512168742,5.13b
784,48382.0,64.0,0,173,68,22.720438370810918,5.13c
786,48421.0,57.0,0,183,98,29.26334020126011,5.12d
787,48437.0,59.0,0,188,68,19.23947487550928,5.13a
788,48438.0,62.0,0,180,63,19.444444444444443,5.13b
789,48498.0,59.0,0,172,63,21.29529475392104,5.13a
790,48502.0,57.0,0,185,88,25.712198685171657,5.12d
791,48557.0,62.0,0,175,68,22.20408163265306,5.13b
792,48626.0,53.0,0,180,78,24.074074074074073,5.12b
793,48665.0,64.0,0,172,68,22.985397512168742,5.13c
794,48668.0,40.0,0,185,68,19.86851716581446,5.10c
795,48716.0,57.0,0,181,73,22.282592106468055,5.12d
796,48724.0,51.0,0,188,78,22.068809416025353,5.12a
797,48746.0,33.0,0,170,78,26.989619377162633,5.9
798,49079.0,40.0,0,177,63,20.109164033323754,5.10c
799,49102.0,49.0,0,177,88,28.088991030674453,5.11d
800,49373.0,72.0,0,167,58,20.796729893506402,5.14c
801,49785.0,70.0,0,175,68,22.20408163265306,5.14b
802,49850.0,36.0,0,180,78,24.074074074074073,5.10a
803,49954.0,62.0,0,172,58,19.60519199567334,5.13b
806,50017.0,59.0,0,180,68,20.98765432098765,5.13a
807,50373.0,64.0,0,182,73,22.03840115928028,5.13c
808,50384.0,42.0,0,175,68,22.20408163265306,5.10d
809,50394.0,49.0,0,172,78,26.365603028664147,5.11d
810,50456.0,44.0,0,177,68,21.705129432793896,5.11a
811,50657.0,40.0,0,170,68,23.529411764705884,5.10c
812,50801.0,64.0,0,177,73,23.301094832264035,5.13c
813,50847.0,59.0,0,173,63,21.04981790236894,5.13a
814,51018.0,64.0,0,167,63,22.589551436050055,5.13c
815,51042.0,70.0,0,162,53,20.195092211553114,5.14b
816,51064.0,51.0,0,177,68,21.705129432793896,5.12a
817,51148.0,49.0,0,185,83,24.251278305332356,5.11d
818,51288.0,62.0,0,178,73,23.04002019946976,5.13b
820,51326.0,46.0,0,189,78,21.83589485176787,5.11b
821,51348.0,40.0,0,180,68,20.98765432098765,5.10c
823,51435.0,64.0,0,175,68,22.20408163265306,5.13c
824,51478.0,51.0,0,188,78,22.068809416025353,5.12a
825,51571.0,64.0,0,180,73,22.530864197530864,5.13c
826,51608.0,46.0,0,180,73,22.530864197530864,5.11b
827,51831.0,44.0,0,185,73,21.32943754565376,5.11a
828,51844.0,68.0,0,170,58,20.06920415224914,5.14a
829,51937.0,62.0,0,169,63,22.058051188683873,5.13b
830,51944.0,31.0,0,187,73,20.875632703251448,5.8
831,51973.0,40.0,0,178,83,26.19618735008206,5.10c
834,52243.0,51.0,0,170,68,23.529411764705884,5.12a
835,52471.0,57.0,0,182,73,22.03840115928028,5.12d
837,52617.0,36.0,0,185,83,24.251278305332356,5.10a
838,52711.0,62.0,0,185,83,24.251278305332356,5.13b
839,52803.0,53.0,0,165,68,24.977043158861342,5.12b
840,52886.0,59.0,0,175,68,22.20408163265306,5.13a
841,52903.0,62.0,0,178,68,21.461936624163616,5.13b
842,52908.0,57.0,0,105,78,70.74829931972789,5.12d
843,53039.0,59.0,0,180,88,27.160493827160494,5.13a
845,53157.0,62.0,0,182,78,23.54788069073783,5.13b
847,53624.0,53.0,0,180,68,20.98765432098765,5.12b
848,53704.0,53.0,0,179,63,19.66230766829999,5.12b
850,53732.0,55.0,0,185,73,21.32943754565376,5.12c
852,53941.0,33.0,0,178,73,23.04002019946976,5.9
853,53952.0,62.0,0,162,58,22.10028959000152,5.13b
854,54002.0,68.0,0,165,58,21.30394857667585,5.14a
856,54267.0,62.0,0,190,88,24.37673130193906,5.13b
857,54361.0,55.0,0,188,78,22.068809416025353,5.12c
858,54509.0,53.0,0,185,68,19.86851716581446,5.12b
859,54696.0,64.0,0,177,63,20.109164033323754,5.13c
860,54832.0,42.0,0,170,63,21.79930795847751,5.10d
861,54882.0,51.0,0,191,78,21.380992845590857,5.12a
862,54995.0,51.0,0,182,78,23.54788069073783,5.12a
863,55045.0,29.0,0,135,40,21.94787379972565,5.7
864,55102.0,46.0,0,179,83,25.90431010268094,5.11b
865,55160.0,59.0,0,173,73,24.3910588392529,5.13a
867,55248.0,55.0,0,178,68,21.461936624163616,5.12c
868,55391.0,59.0,0,180,68,20.98765432098765,5.13a
870,55703.0,44.0,0,163,58,21.829952199932254,5.11a
871,55789.0,33.0,0,172,63,21.29529475392104,5.9
872,55804.0,38.0,0,165,68,24.977043158861342,5.10b
873,55896.0,49.0,0,183,73,21.798202394816204,5.11d
875,55917.0,57.0,0,193,88,23.624795296518027,5.12d
876,55923.0,59.0,0,185,73,21.32943754565376,5.13a
877,56161.0,62.0,0,187,78,22.305470559638533,5.13b
878,56190.0,53.0,0,180,68,20.98765432098765,5.12b
879,56245.0,42.0,0,170,73,25.25951557093426,5.10d
880,56350.0,38.0,0,164,58,21.564544913741823,5.10b
881,56355.0,46.0,0,182,78,23.54788069073783,5.11b
882,56422.0,55.0,0,170,58,20.06920415224914,5.12c
883,56438.0,46.0,0,190,68,18.83656509695291,5.11b
884,56512.0,62.0,0,176,73,23.56663223140496,5.13b
885,56535.0,51.0,0,177,63,20.109164033323754,5.12a
886,56585.0,59.0,0,176,68,21.952479338842977,5.13a
887,56656.0,62.0,0,190,78,21.606648199445985,5.13b
888,56775.0,42.0,0,182,78,23.54788069073783,5.10d
889,56805.0,51.0,0,183,78,23.291229956104985,5.12a
890,56850.0,29.0,0,181,98,29.913616800463966,5.7
891,57250.0,53.0,0,168,53,18.77834467120182,5.12b
893,57261.0,59.0,0,180,58,17.901234567901234,5.13a
894,57281.0,49.0,0,178,68,21.461936624163616,5.11d
895,57344.0,57.0,0,192,83,22.51519097222222,5.12d
896,57510.0,49.0,0,180,68,20.98765432098765,5.11d
898,57535.0,36.0,0,175,68,22.20408163265306,5.10a
899,57565.0,51.0,0,180,63,19.444444444444443,5.12a
901,57839.0,66.0,0,173,63,21.04981790236894,5.13d
902,57921.0,57.0,0,182,73,22.03840115928028,5.12d
904,58322.0,64.0,0,172,63,21.29529475392104,5.13c
905,58449.0,59.0,0,179,58,18.101807059704754,5.13a
906,58604.0,53.0,0,177,63,20.109164033323754,5.12b
907,58615.0,64.0,0,182,63,19.01944209636517,5.13c
908,58752.0,53.0,0,180,73,22.530864197530864,5.12b
909,58769.0,51.0,0,185,73,21.32943754565376,5.12a
910,58790.0,55.0,0,178,73,23.04002019946976,5.12c
911,58798.0,59.0,0,163,48,18.06616733787497,5.13a
912,58813.0,44.0,0,176,63,20.33832644628099,5.11a
913,58918.0,57.0,0,187,83,23.735308416025617,5.12d
914,58961.0,64.0,0,173,58,19.37919743392696,5.13c
915,58987.0,57.0,0,162,63,24.005486968449926,5.12d
918,59140.0,59.0,0,165,58,21.30394857667585,5.13a
919,59517.0,57.0,0,182,73,22.03840115928028,5.12d
920,59729.0,59.0,0,190,68,18.83656509695291,5.13a
922,59803.0,55.0,0,174,73,24.111507464658473,5.12c
923,59942.0,53.0,0,185,83,24.251278305332356,5.12b
924,60026.0,46.0,0,175,63,20.571428571428573,5.11b
925,60157.0,57.0,0,178,73,23.04002019946976,5.12d
927,60284.0,62.0,0,180,88,27.160493827160494,5.13b
928,60341.0,53.0,0,190,83,22.991689750692522,5.12b
929,60372.0,55.0,0,180,63,19.444444444444443,5.12c
930,60430.0,55.0,0,179,73,22.783308885490467,5.12c
931,60508.0,44.0,0,187,68,19.445794846864363,5.11a
932,60525.0,62.0,0,183,78,23.291229956104985,5.13b
933,60589.0,46.0,0,173,68,22.720438370810918,5.11b
934,60595.0,53.0,0,187,78,22.305470559638533,5.12b
935,60662.0,51.0,0,175,78,25.46938775510204,5.12a
936,60909.0,46.0,0,177,73,23.301094832264035,5.11b
937,60950.0,53.0,0,183,68,20.305174833527424,5.12b
938,60985.0,42.0,0,161,40,15.43150341422013,5.10d
939,60986.0,62.0,0,178,58,18.30576947355132,5.13b
940,61053.0,68.0,0,171,63,21.545090797168363,5.14a
941,61066.0,46.0,0,177,68,21.705129432793896,5.11b
942,61068.0,57.0,0,177,63,20.109164033323754,5.12d
943,61087.0,51.0,0,177,73,23.301094832264035,5.12a
944,61099.0,31.0,0,177,68,21.705129432793896,5.8
946,61172.0,49.0,0,175,68,22.20408163265306,5.11d
947,61184.0,62.0,0,177,68,21.705129432793896,5.13b
948,61252.0,53.0,0,188,98,27.727478497057493,5.12b
949,61284.0,55.0,0,160,53,20.703124999999996,5.12c
951,61311.0,59.0,0,183,68,20.305174833527424,5.13a
952,61375.0,51.0,0,168,48,17.006802721088437,5.12a
953,61484.0,62.0,0,182,73,22.03840115928028,5.13b
954,61619.0,51.0,0,190,78,21.606648199445985,5.12a
955,61634.0,51.0,0,183,83,24.78425751739377,5.12a
956,61640.0,51.0,0,173,78,26.061679307694877,5.12a
957,61746.0,57.0,0,165,53,19.467401285583104,5.12d
958,61817.0,55.0,0,175,58,18.93877551020408,5.12c
960,61862.0,59.0,0,170,73,25.25951557093426,5.13a
962,61936.0,64.0,0,182,68,20.528921627822726,5.13c
963,61993.0,55.0,0,182,68,20.528921627822726,5.12c
965,62100.0,42.0,0,177,83,26.493025631204315,5.10d
967,62206.0,62.0,0,172,58,19.60519199567334,5.13b
968,62213.0,55.0,0,176,68,21.952479338842977,5.12c
969,62275.0,59.0,0,172,68,22.985397512168742,5.13a
970,62301.0,44.0,0,182,73,22.03840115928028,5.11a
971,62307.0,59.0,0,187,83,23.735308416025617,5.13a
973,62369.0,36.0,0,182,73,22.03840115928028,5.10a
974,62377.0,57.0,0,185,78,22.79035792549306,5.12d
975,62429.0,59.0,0,76,78,135.0415512465374,5.13a
976,62516.0,62.0,0,172,68,22.985397512168742,5.13b
977,62550.0,53.0,0,185,68,19.86851716581446,5.12b
978,62551.0,46.0,0,165,63,23.140495867768596,5.11b
979,62565.0,59.0,0,189,68,19.03642115282327,5.13a
980,62593.0,62.0,0,178,78,24.61810377477591,5.13b
981,62611.0,40.0,0,165,83,30.48668503213958,5.10c
982,62719.0,55.0,0,182,83,25.057360222195385,5.12c
983,62766.0,46.0,0,180,68,20.98765432098765,5.11b
986,62978.0,64.0,0,169,68,23.80869017191275,5.13c
987,63115.0,53.0,0,182,78,23.54788069073783,5.12b
988,63329.0,33.0,0,180,78,24.074074074074073,5.9
989,63381.0,64.0,0,185,68,19.86851716581446,5.13c
990,63621.0,59.0,0,172,53,17.915089237425637,5.13a
991,63800.0,53.0,0,168,58,20.549886621315196,5.12b
992,63850.0,59.0,0,181,68,20.756387167668876,5.13a
993,63934.0,55.0,0,185,78,22.79035792549306,5.12c
994,63974.0,62.0,0,183,78,23.291229956104985,5.13b
995,64106.0,53.0,0,178,73,23.04002019946976,5.12b
996,64263.0,38.0,0,173,58,19.37919743392696,5.10b
997,64293.0,51.0,0,180,73,22.530864197530864,5.12a
998,64332.0,53.0,0,175,73,23.836734693877553,5.12b
999,64609.0,57.0,0,185,63,18.407596785975162,5.12d
1000,64636.0,49.0,0,183,73,21.798202394816204,5.11d
1002,64754.0,51.0,0,178,68,21.461936624163616,5.12a
1003,64801.0,40.0,0,172,63,21.29529475392104,5.10c
1004,64847.0,66.0,0,183,83,24.78425751739377,5.13d
1005,64892.0,51.0,0,175,68,22.20408163265306,5.12a
1006,65089.0,51.0,0,195,88,23.14266929651545,5.12a
1007,65111.0,57.0,0,175,63,20.571428571428573,5.12d
1008,65137.0,59.0,0,175,68,22.20408163265306,5.13a
1009,65143.0,57.0,0,162,48,18.289894833104707,5.12d
1010,65151.0,51.0,0,175,63,20.571428571428573,5.12a
1011,65173.0,51.0,0,178,73,23.04002019946976,5.12a
1012,65177.0,46.0,0,168,68,24.092970521541954,5.11b
1014,65309.0,59.0,0,178,78,24.61810377477591,5.13a
1015,65388.0,44.0,0,182,73,22.03840115928028,5.11a
1016,65454.0,51.0,0,188,68,19.23947487550928,5.12a
1018,65584.0,46.0,0,176,68,21.952479338842977,5.11b
1019,65596.0,53.0,0,182,68,20.528921627822726,5.12b
1020,65727.0,40.0,0,180,78,24.074074074074073,5.10c
1021,66029.0,59.0,0,170,63,21.79930795847751,5.13a
1022,66134.0,57.0,0,174,68,22.460034350640772,5.12d
1023,66135.0,33.0,0,174,78,25.762980578676178,5.9
1024,66180.0,55.0,0,180,73,22.530864197530864,5.12c
1025,66231.0,51.0,0,185,73,21.32943754565376,5.12a
1026,66253.0,57.0,0,170,63,21.79930795847751,5.12d
1027,66315.0,53.0,0,170,63,21.79930795847751,5.12b
1028,66369.0,23.0,0,171,83,28.384802161348794,5.5
1029,66475.0,68.0,0,189,68,19.03642115282327,5.14a
1030,66619.0,51.0,0,183,73,21.798202394816204,5.12a
1031,66631.0,66.0,0,180,68,20.98765432098765,5.13d
1032,66703.0,55.0,0,172,63,21.29529475392104,5.12c
1033,66832.0,62.0,0,181,68,20.756387167668876,5.13b
